id,first_name,last_name,email,gender,ip_address
1,Marena,Andraud,mandraud0@ezinearticles.com,Female,51.127.192.198
2,Garrik,Draysay,gdraysay1@dmoz.org,Male,185.22.94.111
3,Gabie,Guerry,gguerry2@cdbaby.com,Female,204.63.245.81
4,Yorke,Gaiter,ygaiter3@jugem.jp,Male,231.22.129.156
5,Arly,Standish,astandish4@businessweek.com,Female,55.243.116.115
6,Aron,Donwell,adonwell5@geocities.jp,Male,189.199.191.110
7,Odette,Fearnyhough,ofearnyhough6@webmd.com,Female,172.179.207.223
8,Davida,Jeannon,djeannon7@fc2.com,Female,57.141.14.207
9,Waylan,McElrath,wmcelrath8@goo.gl,Male,23.6.134.162
10,Barnebas,Colquete,bcolquete9@ucoz.ru,Male,2.126.65.103
11,Sharline,Bowering,sboweringa@eventbrite.com,Female,27.243.170.102
12,Son,Francescotti,sfrancescottib@ed.gov,Male,36.92.95.215
13,Patrizia,Zapatero,pzapateroc@utexas.edu,Female,17.143.137.8
14,Ibrahim,Starbuck,istarbuckd@dedecms.com,Male,247.46.50.182
15,Falito,Lattin,flattine@mysql.com,Male,150.146.69.240
16,Letitia,Bissett,lbissettf@dion.ne.jp,Female,191.66.81.74
17,Rice,Elvidge,relvidgeg@behance.net,Male,229.52.115.135
18,Zerk,McMurty,zmcmurtyh@cisco.com,Male,44.87.55.55
19,Shaine,Sansome,ssansomei@craigslist.org,Male,176.224.221.4
20,Ruthe,Matyushkin,rmatyushkinj@accuweather.com,Female,249.16.95.196
21,Arte,Rioch,ariochk@exblog.jp,Male,233.247.163.46
22,Clayton,Lidgate,clidgatel@spotify.com,Male,151.105.237.46
23,Lilly,Bremley,lbremleym@shop-pro.jp,Female,15.31.247.183
24,Dasi,Julian,djuliann@mapquest.com,Female,21.9.27.126
25,Portia,Jentet,pjenteto@va.gov,Female,24.101.203.232
26,Nadine,Mickleburgh,nmickleburghp@mail.ru,Female,124.200.0.5
27,Meredeth,O'Dougherty,modoughertyq@furl.net,Male,245.175.20.67
28,Abagael,Poser,aposerr@yelp.com,Female,237.26.207.179
29,Thorpe,Haley,thaleys@hubpages.com,Male,233.190.129.180
30,Kattie,Chadwin,kchadwint@g.co,Female,92.11.138.119
31,Chelsy,Napoleon,cnapoleonu@spotify.com,Female,33.15.135.161
32,Liz,Lezemore,llezemorev@freewebs.com,Female,137.248.230.0
33,Obediah,Gepson,ogepsonw@yale.edu,Male,247.174.29.185
34,Loreen,Vallery,lvalleryx@is.gd,Female,2.251.57.202
35,Pepe,Spinella,pspinellay@mac.com,Male,105.166.0.172
36,Stillman,Batchelor,sbatchelorz@woothemes.com,Male,171.213.135.113
37,Robinia,Dikle,rdikle10@51.la,Female,186.234.11.70
38,Isabeau,Pounds,ipounds11@discuz.net,Female,236.34.238.11
39,Darcy,Embleton,dembleton12@sogou.com,Female,5.42.6.221
40,Mic,Rameaux,mrameaux13@sourceforge.net,Male,92.46.139.25
41,Sena,Blenkinsopp,sblenkinsopp14@networksolutions.com,Female,120.45.173.77
42,Rooney,Wildbore,rwildbore15@dmoz.org,Male,212.60.14.195
43,Antons,Rawling,arawling16@oakley.com,Male,160.100.6.114
44,Llewellyn,Shulem,lshulem17@sbwire.com,Male,94.10.248.221
45,Jarad,Timewell,jtimewell18@un.org,Male,157.146.20.21
46,Laurette,De Maria,ldemaria19@g.co,Female,172.65.9.245
47,Jareb,Charrisson,jcharrisson1a@wikispaces.com,Male,155.188.174.136
48,Alejandro,Valerius,avalerius1b@netlog.com,Male,193.132.37.156
49,Horst,Szymonwicz,hszymonwicz1c@privacy.gov.au,Male,111.224.140.45
50,Winnah,Okeshott,wokeshott1d@hc360.com,Female,34.24.168.93
51,Ferdinand,Janouch,fjanouch1e@pbs.org,Male,8.168.120.165
52,Etty,Ellum,eellum1f@yale.edu,Female,218.154.224.239
53,Bruno,Bullen,bbullen1g@nih.gov,Male,116.179.252.18
54,Sandye,Blucher,sblucher1h@csmonitor.com,Female,78.55.172.83
55,Selena,Piffe,spiffe1i@utexas.edu,Female,221.190.218.81
56,Arleen,Bonus,abonus1j@wired.com,Female,31.0.23.4
57,Jennie,MacAvaddy,jmacavaddy1k@bbb.org,Female,85.163.141.28
58,Rockey,Murrell,rmurrell1l@google.cn,Male,43.202.78.106
59,Rhea,Braddon,rbraddon1m@jimdo.com,Female,146.191.19.3
60,Christoffer,Miranda,cmiranda1n@4shared.com,Male,10.165.16.81
61,Dore,Dukes,ddukes1o@weebly.com,Male,70.228.60.54
62,Selie,Trunkfield,strunkfield1p@amazon.co.jp,Female,114.16.92.42
63,Consalve,Scanlan,cscanlan1q@ycombinator.com,Male,63.223.24.171
64,Salomo,Queenborough,squeenborough1r@yelp.com,Male,224.147.184.235
65,Alfredo,Spincks,aspincks1s@yahoo.com,Male,80.234.217.236
66,Giulio,Mustchin,gmustchin1t@un.org,Male,101.233.165.66
67,Cazzie,Luten,cluten1u@yale.edu,Male,207.75.118.60
68,Junie,MacAlinden,jmacalinden1v@123-reg.co.uk,Female,122.64.5.55
69,Ferdie,Feeney,ffeeney1w@yolasite.com,Male,85.154.83.22
70,Felita,Gendrich,fgendrich1x@fc2.com,Female,203.227.21.239
71,Felic,Howgill,fhowgill1y@usnews.com,Male,85.89.41.63
72,Garek,Izkovitz,gizkovitz1z@mapquest.com,Male,104.248.65.76
73,Maxie,Spinozzi,mspinozzi20@walmart.com,Female,65.82.55.56
74,Erich,Thaller,ethaller21@columbia.edu,Male,86.160.152.99
75,Philomena,Cotmore,pcotmore22@so-net.ne.jp,Female,25.170.107.187
76,Aluino,Veitch,aveitch23@howstuffworks.com,Male,2.177.28.55
77,Valeda,Devote,vdevote24@e-recht24.de,Female,143.42.53.192
78,Lindsay,Hartley,lhartley25@pagesperso-orange.fr,Male,110.99.78.144
79,Waldon,Bianco,wbianco26@wix.com,Male,197.12.104.195
80,Rubin,Coonan,rcoonan27@intel.com,Male,72.242.39.136
81,Moise,Bodle,mbodle28@ehow.com,Male,29.184.139.198
82,Theo,Spickett,tspickett29@themeforest.net,Male,243.197.210.95
83,Kermy,Stacey,kstacey2a@dyndns.org,Male,153.60.149.66
84,Geno,Greet,ggreet2b@gravatar.com,Male,166.17.131.109
85,Trisha,Tolcher,ttolcher2c@is.gd,Female,133.54.80.252
86,Renae,Stollen,rstollen2d@usa.gov,Female,173.38.243.16
87,Irene,Darnborough,idarnborough2e@hc360.com,Female,216.1.213.111
88,Laney,Costen,lcosten2f@europa.eu,Female,79.221.47.148
89,Cobb,O'Ruane,coruane2g@alibaba.com,Male,130.173.35.209
90,Horace,Bullard,hbullard2h@imdb.com,Male,191.6.220.34
91,Isa,Prestwich,iprestwich2i@accuweather.com,Female,50.167.58.183
92,Michaeline,Crowcher,mcrowcher2j@deliciousdays.com,Female,179.175.11.32
93,Elisha,Jeffcoate,ejeffcoate2k@businessweek.com,Female,136.156.22.248
94,Miguel,Nyland,mnyland2l@wikispaces.com,Male,53.111.253.204
95,Jeannie,Sante,jsante2m@parallels.com,Female,225.203.162.171
96,Brigitta,Delacroux,bdelacroux2n@narod.ru,Female,9.90.125.133
97,Erv,Shills,eshills2o@rambler.ru,Male,66.217.54.49
98,Trula,Grundell,tgrundell2p@fotki.com,Female,137.192.50.25
99,Alec,Kilcoyne,akilcoyne2q@cdbaby.com,Male,81.145.9.222
100,Iorgo,Percy,ipercy2r@harvard.edu,Male,4.189.203.40
101,Staci,Kitley,skitley2s@businessweek.com,Female,202.205.176.76
102,Conrade,Mehaffey,cmehaffey2t@cbc.ca,Male,55.80.236.25
103,Eran,De Ferraris,edeferraris2u@exblog.jp,Female,154.84.16.217
104,Gradey,Kitchin,gkitchin2v@deviantart.com,Male,238.27.0.158
105,Franny,Littlekit,flittlekit2w@wordpress.com,Female,205.191.240.240
106,Annadiana,Ummfrey,aummfrey2x@uiuc.edu,Female,162.216.42.18
107,Hal,Feldheim,hfeldheim2y@1und1.de,Male,74.43.216.227
108,Dory,Boatwright,dboatwright2z@ox.ac.uk,Male,254.200.206.19
109,Joly,Hadwick,jhadwick30@theglobeandmail.com,Female,213.56.7.146
110,Ibby,Sushams,isushams31@themeforest.net,Female,157.110.93.236
111,Dorri,Oggers,doggers32@lycos.com,Female,144.183.216.168
112,Mitchel,Suart,msuart33@army.mil,Male,91.138.251.51
113,Elaine,Del Monte,edelmonte34@tmall.com,Female,1.25.216.177
114,Kimbell,Seebert,kseebert35@blogspot.com,Male,8.44.219.115
115,Venita,Instock,vinstock36@house.gov,Female,131.7.85.126
116,Barret,Feldhammer,bfeldhammer37@alibaba.com,Male,78.133.36.249
117,Deerdre,Dewhurst,ddewhurst38@squidoo.com,Female,22.110.197.35
118,Ludovika,Cobain,lcobain39@mozilla.com,Female,171.221.111.226
119,Darryl,Batiste,dbatiste3a@vimeo.com,Male,28.3.247.212
120,Prescott,Tudhope,ptudhope3b@opera.com,Male,233.105.173.181
121,Cati,Leggett,cleggett3c@hexun.com,Female,221.204.110.210
122,Talbot,Hendricks,thendricks3d@bloomberg.com,Male,201.65.127.184
123,Alvie,Umfrey,aumfrey3e@dagondesign.com,Male,170.30.253.237
124,Dacia,Inglefield,dinglefield3f@elegantthemes.com,Female,28.156.111.46
125,Miguela,Mableson,mmableson3g@marriott.com,Female,169.130.128.253
126,Dewitt,Proudlock,dproudlock3h@ebay.co.uk,Male,101.149.255.149
127,Hayley,Labern,hlabern3i@nationalgeographic.com,Female,147.51.212.217
128,Laney,Minette,lminette3j@cmu.edu,Female,236.237.99.84
129,Faber,Titcom,ftitcom3k@zimbio.com,Male,135.111.53.124
130,Bette,Chrstine,bchrstine3l@squarespace.com,Female,14.24.178.233
131,Bobby,O' Donohue,bodonohue3m@jigsy.com,Male,185.223.111.94
132,Quent,Bazoche,qbazoche3n@zimbio.com,Male,42.108.50.115
133,Gusty,Dumingos,gdumingos3o@fotki.com,Female,170.203.117.45
134,Gregoor,Skacel,gskacel3p@free.fr,Male,94.85.209.194
135,Andrus,Heskins,aheskins3q@wordpress.org,Male,236.67.33.228
136,Vlad,O' Markey,vomarkey3r@dailymail.co.uk,Male,54.48.163.29
137,Nancee,D'Alessandro,ndalessandro3s@bluehost.com,Female,123.39.14.193
138,Morlee,Clench,mclench3t@i2i.jp,Male,185.170.186.235
139,Bobbee,Curtis,bcurtis3u@nytimes.com,Female,217.18.2.122
140,Nickolaus,Rosenschein,nrosenschein3v@loc.gov,Male,239.15.1.249
141,Georgeanne,De Haven,gdehaven3w@sbwire.com,Female,194.223.209.111
142,Anthony,Trevett,atrevett3x@netlog.com,Male,83.99.158.68
143,Gretchen,Sinson,gsinson3y@google.nl,Female,8.51.70.196
144,Geoffry,Craise,gcraise3z@cbsnews.com,Male,0.99.137.82
145,Sara-ann,Bartels-Ellis,sbartelsellis40@rambler.ru,Female,145.234.249.25
146,Jessamine,Ebbrell,jebbrell41@google.co.jp,Female,214.139.67.248
147,Maud,Grishanov,mgrishanov42@springer.com,Female,48.32.242.150
148,Angil,Soles,asoles43@hatena.ne.jp,Female,117.143.36.29
149,Shirleen,Karolewski,skarolewski44@wsj.com,Female,35.68.134.3
150,Jarib,Yeandel,jyeandel45@europa.eu,Male,139.141.143.46
151,Rolf,Daventry,rdaventry46@studiopress.com,Male,84.214.30.61
152,Merl,McElvogue,mmcelvogue47@google.co.uk,Female,101.71.171.132
153,Sallee,Gleder,sgleder48@reference.com,Female,136.60.92.175
154,Ruby,Harverson,rharverson49@deliciousdays.com,Female,70.103.182.111
155,Lesya,Jorck,ljorck4a@reference.com,Female,30.60.131.216
156,Fabian,Grinham,fgrinham4b@com.com,Male,141.80.17.56
157,Phillipp,Mushett,pmushett4c@biblegateway.com,Male,147.117.21.37
158,Chrysa,Giblin,cgiblin4d@sakura.ne.jp,Female,225.173.65.5
159,Wanda,Sweeny,wsweeny4e@businesswire.com,Female,81.205.84.199
160,Alonso,Janouch,ajanouch4f@linkedin.com,Male,137.171.134.177
161,Lena,Terzza,lterzza4g@independent.co.uk,Female,116.74.162.120
162,Raddie,Thickpenny,rthickpenny4h@pagesperso-orange.fr,Male,57.154.38.32
163,Belita,Sweed,bsweed4i@sohu.com,Female,39.190.78.129
164,Earlie,Stedman,estedman4j@trellian.com,Male,242.214.102.170
165,Valene,Rottger,vrottger4k@kickstarter.com,Female,185.52.208.239
166,Cyb,Tolley,ctolley4l@cmu.edu,Female,119.176.157.255
167,Brent,Danilin,bdanilin4m@yolasite.com,Male,135.247.35.170
168,Rog,Redpath,rredpath4n@dot.gov,Male,206.119.211.72
169,Milicent,Reaper,mreaper4o@symantec.com,Female,54.82.116.179
170,Flemming,Vickors,fvickors4p@whitehouse.gov,Male,98.15.64.118
171,Evy,Gogay,egogay4q@va.gov,Female,200.229.142.132
172,Bernette,MacTeggart,bmacteggart4r@reuters.com,Female,108.204.160.67
173,Carrie,Sieghart,csieghart4s@theglobeandmail.com,Female,248.228.0.50
174,Nelson,Newarte,nnewarte4t@icio.us,Male,163.90.110.141
175,Jeddy,Wellum,jwellum4u@smh.com.au,Male,221.151.104.174
176,Latia,Bevir,lbevir4v@webnode.com,Female,11.246.68.201
177,Peterus,Pernell,ppernell4w@technorati.com,Male,48.9.200.88
178,Salli,Finker,sfinker4x@howstuffworks.com,Female,236.11.1.72
179,Cassie,Cargill,ccargill4y@nationalgeographic.com,Female,177.160.124.21
180,Obadias,Daykin,odaykin4z@berkeley.edu,Male,201.13.153.149
181,Franz,Nestor,fnestor50@simplemachines.org,Male,105.121.78.236
182,Nani,Oxnam,noxnam51@ihg.com,Female,96.43.103.181
183,Micheline,Panswick,mpanswick52@blogger.com,Female,215.67.112.18
184,Rowen,Bricket,rbricket53@elpais.com,Male,163.179.171.144
185,Hy,Jelk,hjelk54@addthis.com,Male,251.210.202.147
186,Brig,Lefeuvre,blefeuvre55@cnet.com,Male,67.203.27.122
187,Hasty,Attawell,hattawell56@webmd.com,Male,187.67.96.116
188,Esme,Grimmett,egrimmett57@histats.com,Male,229.236.83.174
189,Joell,Moncrieffe,jmoncrieffe58@example.com,Female,249.109.11.13
190,Mirelle,Longhorne,mlonghorne59@privacy.gov.au,Female,172.213.85.189
191,Demetre,Kuban,dkuban5a@springer.com,Male,201.178.44.114
192,Marshall,Lomaz,mlomaz5b@digg.com,Male,33.19.2.124
193,Desdemona,Kment,dkment5c@google.ru,Female,205.90.204.204
194,Wang,Potes,wpotes5d@phoca.cz,Male,30.239.212.42
195,Nicolle,Stanton,nstanton5e@slate.com,Female,29.28.39.105
196,Margarita,Kundert,mkundert5f@cbslocal.com,Female,191.247.192.174
197,Mandy,McNamara,mmcnamara5g@tamu.edu,Female,82.32.80.216
198,Ailee,Lanham,alanham5h@umich.edu,Female,56.55.104.144
199,Britteny,Quarlis,bquarlis5i@admin.ch,Female,190.250.172.47
200,Pammi,Iban,piban5j@guardian.co.uk,Female,146.117.150.47
201,Fawn,Badman,fbadman5k@pen.io,Female,254.153.160.228
202,Yance,Morin,ymorin5l@cocolog-nifty.com,Male,103.4.75.80
203,Veda,Worstall,vworstall5m@fema.gov,Female,243.28.46.34
204,Garrard,Wallentin,gwallentin5n@seesaa.net,Male,31.166.23.253
205,August,Cometto,acometto5o@taobao.com,Male,76.153.103.246
206,Nolly,Hakonsen,nhakonsen5p@unc.edu,Male,153.205.1.173
207,Lara,Gosnall,lgosnall5q@angelfire.com,Female,174.15.132.253
208,Bobby,Terzi,bterzi5r@archive.org,Male,29.255.50.242
209,Dur,Barends,dbarends5s@blogtalkradio.com,Male,115.235.56.42
210,Ilse,Leffek,ileffek5t@thetimes.co.uk,Female,59.208.107.124
211,Wenona,Macoun,wmacoun5u@engadget.com,Female,182.207.96.181
212,Arden,Adamo,aadamo5v@about.me,Female,165.198.106.166
213,Mathew,Rubinowitz,mrubinowitz5w@prnewswire.com,Male,1.174.5.220
214,Filippa,MacAindreis,fmacaindreis5x@posterous.com,Female,233.66.26.68
215,Thalia,Butterwick,tbutterwick5y@cyberchimps.com,Female,153.183.96.34
216,Isaiah,Calderon,icalderon5z@fc2.com,Male,50.81.178.228
217,Griffie,Hrishchenko,ghrishchenko60@microsoft.com,Male,114.113.233.144
218,Ichabod,Mold,imold61@woothemes.com,Male,7.98.101.0
219,Lydia,Draysey,ldraysey62@merriam-webster.com,Female,145.71.29.46
220,Virginie,Malamore,vmalamore63@example.com,Female,16.196.173.170
221,Maegan,Jiroudek,mjiroudek64@state.gov,Female,8.18.28.14
222,Verine,Odom,vodom65@sakura.ne.jp,Female,119.79.252.199
223,Quint,Lartice,qlartice66@craigslist.org,Male,205.81.88.182
224,Cora,Frodsam,cfrodsam67@shinystat.com,Female,206.226.161.211
225,Base,Devita,bdevita68@hibu.com,Male,59.249.166.145
226,Erika,Chisnell,echisnell69@wordpress.com,Female,117.130.148.17
227,Lief,Float,lfloat6a@independent.co.uk,Male,128.102.198.147
228,Hewitt,Scroyton,hscroyton6b@wordpress.com,Male,229.77.230.146
229,Krysta,Sayre,ksayre6c@hp.com,Female,27.211.69.111
230,Donielle,Mingay,dmingay6d@github.com,Female,100.82.218.124
231,Lulu,Wofenden,lwofenden6e@bbc.co.uk,Female,171.106.88.109
232,Esmeralda,MacConnel,emacconnel6f@smugmug.com,Female,169.237.138.95
233,Nevil,De Dei,ndedei6g@free.fr,Male,229.135.113.244
234,Alvie,Kenton,akenton6h@gov.uk,Male,55.126.15.115
235,Davita,Dugood,ddugood6i@ameblo.jp,Female,105.4.227.48
236,Donia,Juhruke,djuhruke6j@bloglines.com,Female,105.124.96.141
237,Jareb,Nertney,jnertney6k@smugmug.com,Male,134.64.54.12
238,Ichabod,Colls,icolls6l@businessinsider.com,Male,183.223.21.46
239,Murvyn,Coldbath,mcoldbath6m@npr.org,Male,183.192.64.64
240,Denney,Blakes,dblakes6n@spotify.com,Male,54.151.91.220
241,Mohandis,Cottell,mcottell6o@mashable.com,Male,146.169.75.182
242,Jason,Occleshaw,joccleshaw6p@list-manage.com,Male,173.250.94.99
243,Arther,Warboy,awarboy6q@geocities.jp,Male,174.186.172.80
244,Llewellyn,Keyte,lkeyte6r@theguardian.com,Male,5.20.220.206
245,Siusan,Malpass,smalpass6s@privacy.gov.au,Female,23.192.160.214
246,Ennis,Cinavas,ecinavas6t@fema.gov,Male,35.63.213.158
247,Dee dee,Blanche,dblanche6u@ebay.com,Female,24.8.107.70
248,Georas,Redgewell,gredgewell6v@utexas.edu,Male,195.115.25.133
249,Adeline,Daintry,adaintry6w@phoca.cz,Female,87.136.168.109
250,Orland,Dickman,odickman6x@wikipedia.org,Male,90.58.111.152
251,Kristin,Longrigg,klongrigg6y@360.cn,Female,117.191.123.22
252,Julieta,Rozalski,jrozalski6z@odnoklassniki.ru,Female,127.159.171.168
253,Billie,Gorstidge,bgorstidge70@wikimedia.org,Female,82.158.189.250
254,Berti,Dreye,bdreye71@go.com,Female,198.127.239.217
255,Charis,Marklin,cmarklin72@linkedin.com,Female,21.216.161.71
256,Britt,Langlois,blanglois73@theglobeandmail.com,Female,184.38.186.27
257,Ev,Ettery,eettery74@reverbnation.com,Male,62.114.52.227
258,Ddene,Ritzman,dritzman75@theatlantic.com,Female,213.78.136.109
259,Richardo,Volke,rvolke76@state.tx.us,Male,185.61.171.186
260,Tomkin,Guice,tguice77@loc.gov,Male,156.91.70.87
261,Monti,Pichan,mpichan78@slate.com,Male,251.81.192.58
262,Dieter,Stiegars,dstiegars79@samsung.com,Male,102.138.162.155
263,Jesse,Seneschal,jseneschal7a@friendfeed.com,Male,114.182.185.193
264,Suellen,Martelet,smartelet7b@fema.gov,Female,59.230.123.129
265,Yolande,Francke,yfrancke7c@cbslocal.com,Female,247.94.66.56
266,Gun,Linnane,glinnane7d@google.ca,Male,98.209.94.108
267,Davidson,Spong,dspong7e@npr.org,Male,227.17.91.143
268,Jamil,Accum,jaccum7f@ed.gov,Male,60.93.21.9
269,Webb,Castiglioni,wcastiglioni7g@disqus.com,Male,222.165.119.249
270,Webster,Athow,wathow7h@usnews.com,Male,202.91.27.24
271,Johnnie,Raeside,jraeside7i@google.nl,Male,57.206.95.236
272,Marillin,Saul,msaul7j@delicious.com,Female,10.128.38.86
273,Andriette,Backshell,abackshell7k@tmall.com,Female,194.11.31.237
274,Alexi,Dunster,adunster7l@dropbox.com,Female,162.142.61.147
275,Ingra,Arendt,iarendt7m@usgs.gov,Male,72.125.224.68
276,Manfred,Bordessa,mbordessa7n@joomla.org,Male,179.230.103.34
277,Vivianne,Collacombe,vcollacombe7o@toplist.cz,Female,41.61.20.90
278,Murry,Penhalurick,mpenhalurick7p@usgs.gov,Male,120.126.59.236
279,Emerson,Ech,eech7q@dedecms.com,Male,2.222.185.145
280,Barnaby,MacKeller,bmackeller7r@issuu.com,Male,243.250.197.138
281,Ranique,Ricciardo,rricciardo7s@biglobe.ne.jp,Female,85.233.188.41
282,Cammy,Rubartelli,crubartelli7t@accuweather.com,Female,59.176.15.232
283,Janeta,Newall,jnewall7u@123-reg.co.uk,Female,38.2.93.52
284,Shaun,Withur,swithur7v@businessweek.com,Female,231.118.98.224
285,Woodman,Boddy,wboddy7w@hc360.com,Male,127.104.75.176
286,Frederik,Haslock(e),fhaslocke7x@engadget.com,Male,63.198.215.36
287,Rhetta,Balcombe,rbalcombe7y@wikimedia.org,Female,254.142.175.198
288,Devin,Scalera,dscalera7z@jugem.jp,Male,132.152.145.86
289,Corly,Lauret,clauret80@google.com,Female,134.232.8.86
290,Daune,Eitter,deitter81@ft.com,Female,21.216.130.203
291,Tressa,Tuting,ttuting82@cocolog-nifty.com,Female,66.93.154.252
292,Felike,Breslin,fbreslin83@163.com,Male,158.243.2.193
293,Ole,Stoven,ostoven84@answers.com,Male,86.183.135.30
294,Ursola,Borrow,uborrow85@twitter.com,Female,255.17.230.229
295,Rowney,Spurling,rspurling86@csmonitor.com,Male,251.6.78.93
296,Nesta,Deave,ndeave87@csmonitor.com,Female,173.171.47.171
297,Derry,Swindall,dswindall88@utexas.edu,Male,87.228.152.34
298,Rocky,Doles,rdoles89@bandcamp.com,Male,222.167.25.243
299,Elwin,Delves,edelves8a@skyrock.com,Male,61.4.72.8
300,Taber,Gavey,tgavey8b@diigo.com,Male,74.203.219.215
301,Sonny,Exall,sexall8c@51.la,Female,203.209.152.142
302,Ruddy,Arnke,rarnke8d@mozilla.org,Male,251.129.101.147
303,Monro,Stanfield,mstanfield8e@bizjournals.com,Male,220.127.61.185
304,Rowena,Goscomb,rgoscomb8f@tmall.com,Female,232.119.95.77
305,Wayland,McClintock,wmcclintock8g@typepad.com,Male,74.214.4.188
306,Nadia,Knee,nknee8h@wikimedia.org,Female,242.205.89.22
307,Guthrie,Macvey,gmacvey8i@ihg.com,Male,157.79.160.91
308,Cherish,Wooder,cwooder8j@bing.com,Female,231.76.142.80
309,Minette,Oxtoby,moxtoby8k@shinystat.com,Female,177.182.198.201
310,Will,Cheese,wcheese8l@jimdo.com,Male,165.115.162.175
311,Carla,Fogg,cfogg8m@soundcloud.com,Female,189.191.222.217
312,Rutger,Tarzey,rtarzey8n@princeton.edu,Male,90.92.244.67
313,Mil,Kirgan,mkirgan8o@spiegel.de,Female,126.27.169.57
314,Jolene,Borg,jborg8p@ucla.edu,Female,207.3.251.174
315,Christie,Greatham,cgreatham8q@networkadvertising.org,Female,132.124.189.8
316,Levey,Bernadzki,lbernadzki8r@tmall.com,Male,117.197.132.46
317,Addia,Antoniou,aantoniou8s@about.com,Female,141.31.13.227
318,Lenna,Wank,lwank8t@parallels.com,Female,39.96.21.251
319,Gib,O'Duggan,goduggan8u@squidoo.com,Male,17.181.194.24
320,Loralie,Stenson,lstenson8v@cbslocal.com,Female,214.181.126.160
321,Tamra,Biskupski,tbiskupski8w@sakura.ne.jp,Female,248.203.131.51
322,Laurie,Crosson,lcrosson8x@plala.or.jp,Male,62.244.10.201
323,Ellwood,Norker,enorker8y@icq.com,Male,137.45.156.86
324,Bell,Acedo,bacedo8z@aboutads.info,Female,96.192.53.162
325,Paolo,Basham,pbasham90@photobucket.com,Male,194.94.59.101
326,Abbie,Ewer,aewer91@feedburner.com,Male,118.54.93.219
327,Sapphire,Mirfield,smirfield92@nba.com,Female,111.112.245.239
328,Massimiliano,Jovicevic,mjovicevic93@blogs.com,Male,97.37.141.46
329,Bengt,Goundrill,bgoundrill94@gravatar.com,Male,53.93.33.51
330,Laurice,Munnion,lmunnion95@reuters.com,Female,152.28.104.224
331,Royal,Karppi,rkarppi96@loc.gov,Male,41.176.52.28
332,Kirbie,Tedman,ktedman97@gmpg.org,Female,216.65.129.58
333,Lenora,Grimes,lgrimes98@soup.io,Female,17.134.249.238
334,Catina,Spellissy,cspellissy99@biglobe.ne.jp,Female,92.164.205.97
335,Berti,Bengtsson,bbengtsson9a@theatlantic.com,Male,103.53.109.183
336,Wade,Mowle,wmowle9b@google.co.uk,Male,9.231.164.42
337,Ennis,Hainning,ehainning9c@cyberchimps.com,Male,205.194.46.163
338,Woody,Laurenty,wlaurenty9d@miibeian.gov.cn,Male,92.128.229.150
339,Jo,Ghioni,jghioni9e@arizona.edu,Female,182.84.203.4
340,Silvester,Mumford,smumford9f@hp.com,Male,126.81.145.190
341,Eada,Sawer,esawer9g@booking.com,Female,180.69.15.141
342,Gabriell,Dannehl,gdannehl9h@latimes.com,Female,236.148.192.32
343,Tony,Missington,tmissington9i@springer.com,Male,221.80.58.168
344,Billi,Dorn,bdorn9j@netscape.com,Female,36.217.185.32
345,Lavina,Althrop,lalthrop9k@aol.com,Female,209.255.8.5
346,Veradis,Packman,vpackman9l@de.vu,Female,207.134.240.226
347,Blane,Vivyan,bvivyan9m@statcounter.com,Male,144.13.126.197
348,Arleyne,Peres,aperes9n@independent.co.uk,Female,93.182.49.247
349,Shaw,MacCosty,smaccosty9o@is.gd,Male,133.177.35.139
350,Oswald,Fargher,ofargher9p@apache.org,Male,215.159.74.160
351,Duff,Drezzer,ddrezzer9q@google.cn,Male,54.20.54.16
352,Ty,Webborn,twebborn9r@salon.com,Male,186.47.74.15
353,Penn,Husband,phusband9s@tinyurl.com,Male,165.248.146.201
354,Beau,Cheltnam,bcheltnam9t@geocities.com,Male,251.93.117.252
355,Noach,Nicholas,nnicholas9u@blogger.com,Male,38.140.191.227
356,Ozzie,Bristow,obristow9v@shareasale.com,Male,219.28.95.105
357,Ricky,Rumming,rrumming9w@amazon.co.jp,Female,161.244.149.25
358,Tabby,Younie,tyounie9x@123-reg.co.uk,Male,86.168.176.167
359,Leonid,Michell,lmichell9y@xrea.com,Male,251.6.235.108
360,Talbert,Kesey,tkesey9z@fda.gov,Male,227.232.89.133
361,Willis,Warlow,wwarlowa0@over-blog.com,Male,106.143.24.22
362,Siouxie,Diamant,sdiamanta1@vimeo.com,Female,12.233.119.63
363,Granville,Scourgie,gscourgiea2@dedecms.com,Male,13.159.15.56
364,Matilde,Pilsworth,mpilswortha3@cocolog-nifty.com,Female,176.215.134.110
365,Duff,Beaty,dbeatya4@mail.ru,Male,66.69.45.118
366,Otha,O'Dennehy,oodennehya5@rediff.com,Female,26.155.70.163
367,Lucho,Goodhew,lgoodhewa6@msu.edu,Male,24.132.30.239
368,Alphonse,Shevlane,ashevlanea7@howstuffworks.com,Male,177.248.237.153
369,Barbra,Hatherall,bhatheralla8@berkeley.edu,Female,37.236.115.236
370,Jaclin,Dod,jdoda9@webnode.com,Female,91.153.220.78
371,Delmer,Nyssen,dnyssenaa@edublogs.org,Male,56.87.96.74
372,Meagan,Yielding,myieldingab@twitter.com,Female,35.175.48.179
373,Prince,Childs,pchildsac@eepurl.com,Male,247.205.210.237
374,Velvet,O'Cannon,vocannonad@qq.com,Female,184.225.115.116
375,Kandy,Briddle,kbriddleae@state.gov,Female,148.165.105.81
376,Felicle,Garratty,fgarrattyaf@reddit.com,Female,7.61.93.54
377,Vyky,Matelaitis,vmatelaitisag@chicagotribune.com,Female,247.129.105.11
378,Dieter,Gronou,dgronouah@photobucket.com,Male,219.65.121.8
379,Hattie,Chaffey,hchaffeyai@utexas.edu,Female,195.29.246.88
380,Helsa,Bernardi,hbernardiaj@guardian.co.uk,Female,90.164.211.43
381,Denna,Simcox,dsimcoxak@lycos.com,Female,175.247.147.196
382,April,Fincher,afincheral@gravatar.com,Female,97.103.168.227
383,Bernard,Bruckmann,bbruckmannam@blogger.com,Male,231.254.239.154
384,Retha,Robuchon,rrobuchonan@europa.eu,Female,222.3.51.150
385,Evangelina,Camoys,ecamoysao@bloglines.com,Female,197.96.0.253
386,Therese,Luke,tlukeap@comsenz.com,Female,44.145.4.228
387,Alonso,Gillebert,agillebertaq@deviantart.com,Male,158.148.155.140
388,Tootsie,McQuode,tmcquodear@omniture.com,Female,10.11.249.44
389,Cullen,Hynes,chynesas@technorati.com,Male,118.79.3.149
390,Meryl,Mostin,mmostinat@webeden.co.uk,Male,115.244.78.221
391,Marty,Franceschi,mfranceschiau@live.com,Male,55.184.65.216
392,Marina,Raiment,mraimentav@xing.com,Female,239.251.236.57
393,Kenna,Thorndale,kthorndaleaw@vistaprint.com,Female,90.225.16.38
394,Alysa,Kahane,akahaneax@digg.com,Female,170.25.253.7
395,Ruttger,Delion,rdelionay@sitemeter.com,Male,114.231.83.214
396,Ellissa,Golson,egolsonaz@state.gov,Female,151.211.249.37
397,Bradley,Trelevan,btrelevanb0@friendfeed.com,Male,81.244.220.228
398,Sigismond,Jenkin,sjenkinb1@uol.com.br,Male,187.186.35.188
399,Wilona,MacCague,wmaccagueb2@unblog.fr,Female,204.27.153.13
400,Trescha,Arderne,tarderneb3@over-blog.com,Female,205.211.10.206
401,Rubin,Rolfini,rrolfinib4@icq.com,Male,170.178.38.27
402,Sallyann,Dallywater,sdallywaterb5@illinois.edu,Female,199.233.181.74
403,Gordon,Maffeo,gmaffeob6@odnoklassniki.ru,Male,67.121.108.63
404,Theadora,Eschalette,teschaletteb7@plala.or.jp,Female,218.45.8.252
405,Tania,Ben,tbenb8@blogspot.com,Female,148.20.72.196
406,Sven,Works,sworksb9@yahoo.com,Male,216.195.194.239
407,Aldis,O'Tuohy,aotuohyba@go.com,Male,149.20.203.112
408,Brittni,Lassen,blassenbb@histats.com,Female,58.2.220.234
409,Demetris,Savaage,dsavaagebc@tinypic.com,Female,50.13.211.86
410,Vitia,Grange,vgrangebd@mozilla.com,Female,59.173.54.245
411,Claiborne,Hame,chamebe@usnews.com,Male,104.202.130.49
412,Katha,Ugo,kugobf@nifty.com,Female,75.255.123.14
413,Lin,Revans,lrevansbg@wordpress.com,Male,236.29.204.151
414,Dehlia,Whyteman,dwhytemanbh@twitter.com,Female,143.2.31.224
415,Lanny,Gayter,lgayterbi@comsenz.com,Male,129.165.42.93
416,Dionisio,Bathurst,dbathurstbj@yolasite.com,Male,179.102.136.49
417,Willamina,Moxham,wmoxhambk@t.co,Female,195.138.181.10
418,Dre,Warlow,dwarlowbl@nba.com,Female,40.136.141.207
419,Valentia,Preon,vpreonbm@51.la,Female,198.169.21.206
420,Simona,Chatres,schatresbn@jimdo.com,Female,73.158.11.245
421,Lucia,Bidwell,lbidwellbo@ibm.com,Female,72.43.212.119
422,Virgilio,Bole,vbolebp@comcast.net,Male,199.219.254.212
423,April,Cunah,acunahbq@typepad.com,Female,223.23.63.69
424,Grete,Harkins,gharkinsbr@bloglines.com,Female,3.229.14.39
425,Benn,McGroarty,bmcgroartybs@macromedia.com,Male,228.164.229.47
426,Vachel,Brader,vbraderbt@eventbrite.com,Male,237.38.5.125
427,Charyl,Dowell,cdowellbu@hatena.ne.jp,Female,87.53.17.193
428,Sutherlan,Leall,sleallbv@usa.gov,Male,95.132.251.125
429,Elysia,Oliva,eolivabw@china.com.cn,Female,110.0.204.207
430,Isiahi,Corteis,icorteisbx@yandex.ru,Male,24.79.122.56
431,Clare,Oulett,coulettby@ft.com,Female,251.144.90.86
432,Silvain,Skeete,sskeetebz@berkeley.edu,Male,101.117.213.216
433,Ad,Dormer,adormerc0@wix.com,Male,199.185.192.120
434,Marchall,Seydlitz,mseydlitzc1@symantec.com,Male,146.228.161.131
435,Julie,Quantrell,jquantrellc2@wisc.edu,Male,106.121.55.228
436,Basilio,Raynard,braynardc3@godaddy.com,Male,162.160.7.12
437,Daveen,Ielden,dieldenc4@domainmarket.com,Female,53.38.172.65
438,Johnny,Jessep,jjessepc5@so-net.ne.jp,Male,113.92.77.93
439,Lothaire,MacFarlan,lmacfarlanc6@twitter.com,Male,40.170.113.60
440,Ricoriki,Rose,rrosec7@reddit.com,Male,152.237.90.3
441,Flynn,Wiersma,fwiersmac8@scientificamerican.com,Male,215.243.22.48
442,Riley,Gut,rgutc9@nydailynews.com,Male,181.214.61.124
443,Danny,Prettyman,dprettymanca@delicious.com,Male,65.113.8.109
444,Kim,Artus,kartuscb@netscape.com,Male,30.121.97.176
445,Wilhelmine,Vernall,wvernallcc@latimes.com,Female,232.210.161.97
446,Sloan,Haensel,shaenselcd@bing.com,Male,248.20.104.199
447,Chico,Sallier,csallierce@xrea.com,Male,244.215.79.189
448,Marcellus,Gervaise,mgervaisecf@t.co,Male,229.197.31.178
449,Albertine,Fackrell,afackrellcg@tiny.cc,Female,232.235.7.73
450,Krishna,Grose,kgrosech@sogou.com,Male,56.242.219.249
451,Tiffani,Raccio,traccioci@github.com,Female,75.145.210.206
452,Joline,Bodell,jbodellcj@slate.com,Female,236.61.43.235
453,Olivero,Ellesworth,oellesworthck@seattletimes.com,Male,179.253.43.204
454,Herculie,Ciottoi,hciottoicl@marriott.com,Male,221.172.36.223
455,Vernon,Prendergrass,vprendergrasscm@ask.com,Male,97.78.188.72
456,Lorie,Coopper,lcooppercn@live.com,Female,164.255.172.230
457,Lynnett,Mazdon,lmazdonco@ebay.co.uk,Female,233.89.35.15
458,Nye,Hounihan,nhounihancp@issuu.com,Male,246.132.169.60
459,Brett,Jaskowicz,bjaskowiczcq@ucoz.com,Male,107.253.174.222
460,Odele,Pittham,opitthamcr@sakura.ne.jp,Female,16.52.250.77
461,Aubrie,Buxsey,abuxseycs@wufoo.com,Female,166.102.22.131
462,Ali,Lube,alubect@mail.ru,Female,92.189.43.29
463,Mikol,Locks,mlockscu@eepurl.com,Male,90.176.185.182
464,Lisha,Haynesford,lhaynesfordcv@go.com,Female,214.131.223.12
465,Les,Chatburn,lchatburncw@abc.net.au,Male,27.96.145.198
466,Freeland,Rastall,frastallcx@51.la,Male,242.185.48.86
467,Regan,Corcoran,rcorcorancy@list-manage.com,Male,227.63.211.200
468,Pacorro,Oxenbury,poxenburycz@xrea.com,Male,3.160.53.133
469,Alfredo,Cund,acundd0@mtv.com,Male,152.150.221.43
470,Cherye,Smithson,csmithsond1@liveinternet.ru,Female,248.229.211.122
471,Eli,McCandie,emccandied2@prweb.com,Male,167.159.133.109
472,Amy,Ivanshintsev,aivanshintsevd3@geocities.com,Female,138.181.104.241
473,Matelda,Adamczewski,madamczewskid4@ehow.com,Female,44.210.68.102
474,Edsel,Lakenden,elakendend5@upenn.edu,Male,139.191.221.52
475,Trina,McCurdy,tmccurdyd6@weebly.com,Female,84.26.196.238
476,Alta,Langwade,alangwaded7@home.pl,Female,42.54.249.4
477,Robinet,Sotheron,rsotherond8@aboutads.info,Male,108.144.227.120
478,Noami,Sonier,nsonierd9@friendfeed.com,Female,123.39.223.21
479,Richart,Aslin,raslinda@netlog.com,Male,7.75.224.171
480,Mildred,MacNeachtain,mmacneachtaindb@apache.org,Female,102.162.137.62
481,Alfons,Whittuck,awhittuckdc@ezinearticles.com,Male,48.83.126.139
482,Ralina,Willey,rwilleydd@elpais.com,Female,115.162.21.179
483,Blancha,Klossek,bklossekde@fotki.com,Female,197.96.9.57
484,Taber,Seeley,tseeleydf@senate.gov,Male,13.27.120.250
485,Roi,Springford,rspringforddg@biglobe.ne.jp,Male,117.249.221.105
486,Krispin,Blakeden,kblakedendh@npr.org,Male,185.222.87.155
487,Ardeen,Stealfox,astealfoxdi@blogs.com,Female,208.119.106.231
488,Lilli,Cummins,lcumminsdj@posterous.com,Female,209.66.223.98
489,Travus,Creggan,tcreggandk@spotify.com,Male,20.148.38.235
490,Jodi,Treacy,jtreacydl@mozilla.org,Male,67.179.185.252
491,Karil,Cowton,kcowtondm@scribd.com,Female,89.16.146.133
492,Rubina,Taffley,rtaffleydn@yellowpages.com,Female,83.102.89.131
493,Ky,Peschka,kpeschkado@slideshare.net,Male,156.228.17.237
494,Forest,Hedgecock,fhedgecockdp@github.com,Male,166.59.124.7
495,Earvin,Jack,ejackdq@biblegateway.com,Male,15.132.154.205
496,Davidde,Howford,dhowforddr@geocities.jp,Male,100.144.121.33
497,Holli,Vuittet,hvuittetds@altervista.org,Female,120.40.174.62
498,Eduard,Lewinton,elewintondt@bloglovin.com,Male,247.172.165.1
499,Larry,Striker,lstrikerdu@senate.gov,Male,86.52.84.135
500,Twila,Brookwood,tbrookwooddv@guardian.co.uk,Female,35.98.182.30
501,Roland,Sandford,rsandforddw@mysql.com,Male,75.147.51.246
502,Gianina,Lucks,glucksdx@imgur.com,Female,86.106.218.245
503,Granthem,Sire,gsiredy@dedecms.com,Male,103.27.171.250
504,Babette,Canwell,bcanwelldz@sun.com,Female,96.252.37.120
505,Kevyn,Girogetti,kgirogettie0@google.co.jp,Female,225.196.33.182
506,Bobbee,Soda,bsodae1@squarespace.com,Female,102.22.35.99
507,Ward,Gillian,wgilliane2@yolasite.com,Male,196.197.219.169
508,Mandy,Wolsey,mwolseye3@gnu.org,Female,102.148.195.2
509,Flint,Schott,fschotte4@dedecms.com,Male,218.30.116.223
510,Sada,Clemenceau,sclemenceaue5@github.io,Female,127.33.62.204
511,Kassie,Simkiss,ksimkisse6@exblog.jp,Female,221.91.251.198
512,Carree,Curragh,ccurraghe7@cpanel.net,Female,87.122.93.232
513,Sinclair,Thow,sthowe8@netvibes.com,Male,197.124.75.133
514,Elbertine,McKevitt,emckevitte9@weibo.com,Female,47.1.191.70
515,Dorita,Cronkshaw,dcronkshawea@so-net.ne.jp,Female,139.42.225.81
516,Finlay,Cadalleder,fcadalledereb@techcrunch.com,Male,219.53.60.171
517,Hervey,Cremer,hcremerec@uol.com.br,Male,231.52.166.20
518,Roley,Dawkes,rdawkesed@last.fm,Male,141.200.174.10
519,Norton,Malsher,nmalsheree@multiply.com,Male,35.18.146.227
520,Alica,McKeeman,amckeemanef@chicagotribune.com,Female,31.183.240.178
521,Bell,Laffan,blaffaneg@shareasale.com,Female,246.195.237.230
522,Shalne,Yankov,syankoveh@utexas.edu,Female,178.97.227.205
523,Jaymee,Claye,jclayeei@businesswire.com,Female,156.127.193.150
524,Ginnie,Euplate,geuplateej@theatlantic.com,Female,80.236.81.102
525,Valentin,Alloisi,valloisiek@ocn.ne.jp,Male,199.247.3.159
526,Paddie,Mitford,pmitfordel@jiathis.com,Male,118.26.88.96
527,Paquito,Mustoe,pmustoeem@opensource.org,Male,118.218.150.60
528,Deni,Cathersides,dcathersidesen@alibaba.com,Female,210.130.201.255
529,Vittoria,Menco,vmencoeo@deliciousdays.com,Female,71.161.63.166
530,Lucila,Sutherel,lsutherelep@hugedomains.com,Female,80.44.10.104
531,Nat,Sunley,nsunleyeq@craigslist.org,Male,178.173.22.80
532,Milt,Binning,mbinninger@friendfeed.com,Male,120.57.148.14
533,Glori,Ortmann,gortmannes@theatlantic.com,Female,224.241.202.14
534,Yetty,Smallcomb,ysmallcombet@blogs.com,Female,183.115.64.210
535,Elijah,Tonkinson,etonkinsoneu@eventbrite.com,Male,59.188.38.17
536,Lucita,Dowber,ldowberev@japanpost.jp,Female,177.215.146.24
537,Melvin,Bradane,mbradaneew@usatoday.com,Male,114.133.169.179
538,Dalt,Robet,drobetex@weather.com,Male,121.177.166.148
539,Marietta,Diack,mdiackey@amazon.com,Female,26.180.96.135
540,Mohandis,Chetter,mchetterez@usgs.gov,Male,254.164.23.239
541,Fianna,Meadowcraft,fmeadowcraftf0@salon.com,Female,96.217.221.219
542,Roxi,Moran,rmoranf1@lycos.com,Female,184.21.83.207
543,Jandy,Eliesco,jeliescof2@constantcontact.com,Female,231.101.117.32
544,Flemming,Sheryne,fsherynef3@zdnet.com,Male,93.149.64.224
545,Meggie,Dickerline,mdickerlinef4@over-blog.com,Female,193.78.0.212
546,Meir,Skipperbottom,mskipperbottomf5@reference.com,Male,5.173.89.239
547,Barbara,Patillo,bpatillof6@ow.ly,Female,32.192.83.151
548,Obed,Rookes,orookesf7@nydailynews.com,Male,240.135.131.59
549,Binky,Woodley,bwoodleyf8@go.com,Male,20.239.224.93
550,Billye,Chicken,bchickenf9@rambler.ru,Female,29.134.77.222
551,Jolee,Breeton,jbreetonfa@geocities.jp,Female,168.18.254.156
552,Frank,Sutlieff,fsutliefffb@aol.com,Female,158.139.41.144
553,Ellene,Devanney,edevanneyfc@hhs.gov,Female,18.135.51.100
554,Zach,Tulloch,ztullochfd@ovh.net,Male,9.185.226.72
555,Dora,Viner,dvinerfe@networksolutions.com,Female,186.7.132.98
556,Marlowe,Chesher,mchesherff@istockphoto.com,Male,90.41.128.47
557,Bendix,Hartshorne,bhartshornefg@xrea.com,Male,246.184.163.184
558,Brynne,Gynne,bgynnefh@yahoo.co.jp,Female,49.88.131.169
559,Doria,Tunnah,dtunnahfi@japanpost.jp,Female,246.70.220.149
560,Cos,Lannon,clannonfj@canalblog.com,Male,181.247.166.243
561,Cleo,Glasson,cglassonfk@live.com,Female,4.73.235.30
562,Steve,Pee,speefl@yale.edu,Male,198.63.116.147
563,Bondie,Eskrigg,beskriggfm@skype.com,Male,157.9.231.203
564,Cornell,McGoogan,cmcgooganfn@nydailynews.com,Male,131.41.196.72
565,Celestina,Malsher,cmalsherfo@imdb.com,Female,98.142.25.148
566,Ingeborg,Folkard,ifolkardfp@sciencedaily.com,Female,224.194.223.248
567,Hall,Brookhouse,hbrookhousefq@nbcnews.com,Male,84.252.113.53
568,Link,Eliot,leliotfr@last.fm,Male,135.144.132.36
569,Murial,Yokel,myokelfs@webs.com,Female,139.55.61.140
570,Rey,Conville,rconvilleft@nih.gov,Female,70.20.43.167
571,Nadeen,Kettleson,nkettlesonfu@yahoo.co.jp,Female,8.161.172.140
572,Kale,Limbert,klimbertfv@redcross.org,Male,88.0.228.71
573,Blondy,Blenkensop,bblenkensopfw@a8.net,Female,12.56.96.15
574,Elaine,Jedrzejczyk,ejedrzejczykfx@php.net,Female,27.14.20.68
575,Emmalynn,Gilling,egillingfy@surveymonkey.com,Female,17.244.198.56
576,Stefa,O'Deoran,sodeoranfz@buzzfeed.com,Female,252.205.94.255
577,Clemens,Conman,cconmang0@exblog.jp,Male,63.89.81.62
578,Mechelle,Bracer,mbracerg1@51.la,Female,42.114.17.174
579,Gibby,Corsan,gcorsang2@zdnet.com,Male,199.120.197.167
580,Cecil,Hamerton,chamertong3@wunderground.com,Male,65.58.80.163
581,Maxine,Brahm,mbrahmg4@slate.com,Female,165.241.248.42
582,Yard,Storre,ystorreg5@usa.gov,Male,40.129.130.110
583,Adelice,Bruyett,abruyettg6@google.ru,Female,94.100.121.36
584,Howie,Norres,hnorresg7@nps.gov,Male,145.7.83.233
585,Fannie,Toffolini,ftoffolinig8@vistaprint.com,Female,37.175.240.178
586,Sammy,Mayze,smayzeg9@sakura.ne.jp,Male,185.104.174.110
587,Maryanne,Coll,mcollga@bbb.org,Female,137.176.25.210
588,Roselle,Brothers,rbrothersgb@dailymail.co.uk,Female,64.250.109.87
589,Moyra,Baldung,mbaldunggc@imgur.com,Female,177.61.139.63
590,Gusta,Branchflower,gbranchflowergd@storify.com,Female,55.164.151.136
591,Dyanna,Broadbear,dbroadbearge@tinypic.com,Female,162.44.132.152
592,Rory,Boutwell,rboutwellgf@ycombinator.com,Female,2.197.142.30
593,Sauncho,Caunt,scauntgg@canalblog.com,Male,71.124.150.246
594,Benton,Martinez,bmartinezgh@loc.gov,Male,232.244.149.114
595,Lanie,Favell,lfavellgi@cafepress.com,Female,172.161.118.147
596,Taryn,Synnott,tsynnottgj@biblegateway.com,Female,90.249.161.161
597,Catharine,Sogg,csogggk@sbwire.com,Female,42.118.112.74
598,Daria,Greenhouse,dgreenhousegl@ox.ac.uk,Female,66.166.187.146
599,Robbyn,Liggens,rliggensgm@engadget.com,Female,227.142.210.128
600,Adolphus,Tremellier,atremelliergn@1und1.de,Male,251.39.245.11
601,Nikolas,Ughetti,nughettigo@un.org,Male,196.116.247.168
602,Hattie,Swinerd,hswinerdgp@w3.org,Female,168.5.204.95
603,Stephenie,Dreher,sdrehergq@scribd.com,Female,243.153.175.116
604,Moira,Tokell,mtokellgr@furl.net,Female,10.42.25.31
605,Lyndell,Baseley,lbaseleygs@ed.gov,Female,120.83.91.214
606,Teddi,Danielsen,tdanielsengt@cloudflare.com,Female,0.18.199.39
607,Beitris,Kurdani,bkurdanigu@chronoengine.com,Female,109.5.5.91
608,Nady,Hutley,nhutleygv@newyorker.com,Female,110.182.18.218
609,Thomasine,Latchmore,tlatchmoregw@jiathis.com,Female,96.239.85.102
610,Brittaney,Golby,bgolbygx@lycos.com,Female,203.181.38.228
611,Godfry,Lilie,gliliegy@prlog.org,Male,107.159.143.235
612,Viviene,Blackmuir,vblackmuirgz@nytimes.com,Female,207.219.124.26
613,Ilario,Beaton,ibeatonh0@google.com,Male,70.210.118.187
614,Uri,Barnett,ubarnetth1@oakley.com,Male,150.130.159.187
615,Hetti,Gaucher,hgaucherh2@dailymotion.com,Female,64.154.249.193
616,Crissy,Wickardt,cwickardth3@europa.eu,Female,143.150.151.146
617,Ashien,Gajownik,agajownikh4@google.com.br,Female,87.147.217.171
618,Wat,Spackman,wspackmanh5@unicef.org,Male,164.226.10.163
619,Luce,Pauwel,lpauwelh6@apache.org,Male,48.93.215.87
620,Sauveur,Daftor,sdaftorh7@amazon.co.uk,Male,185.194.188.135
621,Ag,Dawbery,adawberyh8@networksolutions.com,Female,229.162.102.191
622,Gerianna,Spofford,gspoffordh9@auda.org.au,Female,106.246.16.47
623,Renaud,Unthank,runthankha@163.com,Male,80.161.11.180
624,Eldredge,Chastaing,echastainghb@bluehost.com,Male,72.97.243.163
625,Ramonda,Janew,rjanewhc@free.fr,Female,3.190.79.242
626,Saundra,Penquet,spenquethd@wunderground.com,Male,35.187.4.244
627,Levin,Shade,lshadehe@feedburner.com,Male,112.126.167.224
628,Angelia,Cast,acasthf@wired.com,Female,43.27.39.226
629,Armand,Neenan,aneenanhg@bbb.org,Male,255.35.56.52
630,Murry,Pittel,mpittelhh@hatena.ne.jp,Male,199.113.217.86
631,Margeaux,Gissop,mgissophi@irs.gov,Female,182.248.26.16
632,Joella,O'Monahan,jomonahanhj@jalbum.net,Female,68.26.7.16
633,Nalani,Emanuelli,nemanuellihk@icq.com,Female,217.215.162.50
634,Marcelia,Ladyman,mladymanhl@uiuc.edu,Female,139.219.6.239
635,Wilow,Thackham,wthackhamhm@bizjournals.com,Female,57.38.226.76
636,Paige,Gabbitis,pgabbitishn@prlog.org,Male,54.209.141.103
637,Irving,Keatley,ikeatleyho@gravatar.com,Male,51.206.120.213
638,Tyne,Berisford,tberisfordhp@google.com.hk,Female,161.31.29.77
639,Janel,Katte,jkattehq@slideshare.net,Female,5.119.169.113
640,Trevar,Thake,tthakehr@thetimes.co.uk,Male,90.88.81.129
641,Meade,Meachem,mmeachemhs@freewebs.com,Female,199.150.72.200
642,Welby,Trowel,wtrowelht@nyu.edu,Male,114.49.132.240
643,Randi,Alfwy,ralfwyhu@bbc.co.uk,Male,10.166.53.221
644,Brandtr,Fletcher,bfletcherhv@soup.io,Male,244.194.202.13
645,Jackqueline,Antonomolii,jantonomoliihw@whitehouse.gov,Female,4.131.191.154
646,Horton,Ramberg,hramberghx@nationalgeographic.com,Male,233.174.16.31
647,Celle,Dover,cdoverhy@answers.com,Female,168.82.220.194
648,Jonie,Lautie,jlautiehz@mozilla.com,Female,99.14.81.190
649,Rex,Tantrum,rtantrumi0@gravatar.com,Male,202.145.142.110
650,Cordelia,Shackleton,cshackletoni1@yandex.ru,Female,89.106.186.216
651,Celestina,Ledgley,cledgleyi2@msu.edu,Female,10.136.171.124
652,Morse,Davidsson,mdavidssoni3@stumbleupon.com,Male,104.225.105.222
653,Torey,Wingeatt,twingeatti4@mashable.com,Male,60.192.31.165
654,Aveline,Appleford,aapplefordi5@surveymonkey.com,Female,200.107.110.212
655,Abner,Dunkersley,adunkersleyi6@cocolog-nifty.com,Male,250.17.43.79
656,Goraud,Moncrefe,gmoncrefei7@meetup.com,Male,222.141.33.134
657,Clevie,Eykelhof,ceykelhofi8@bloomberg.com,Male,109.21.84.133
658,Nanci,Crumley,ncrumleyi9@cargocollective.com,Female,34.182.10.98
659,Didi,Wyldish,dwyldishia@scientificamerican.com,Female,239.22.234.208
660,Ignaz,Sibthorp,isibthorpib@opensource.org,Male,126.35.76.225
661,Melody,Portman,mportmanic@hao123.com,Female,216.96.127.93
662,Crichton,O'Gormley,cogormleyid@scribd.com,Male,172.51.234.136
663,Darelle,Tanzer,dtanzerie@reference.com,Female,28.74.17.126
664,Wake,Saich,wsaichif@google.it,Male,215.133.103.13
665,Carmencita,Durtnell,cdurtnellig@etsy.com,Female,3.98.228.156
666,Gerta,Longhirst,glonghirstih@ameblo.jp,Female,109.145.136.78
667,Con,Burl,cburlii@last.fm,Male,89.231.78.196
668,Gail,Langwade,glangwadeij@163.com,Male,52.98.91.231
669,Patsy,Ridgwell,pridgwellik@webnode.com,Female,161.150.163.124
670,Ambrosio,Vanacci,avanacciil@utexas.edu,Male,87.109.238.252
671,Kienan,Varker,kvarkerim@dmoz.org,Male,113.111.38.165
672,Demetri,Tollemache,dtollemachein@youku.com,Male,59.110.146.165
673,Tedie,Kann,tkannio@tumblr.com,Male,176.197.53.188
674,Charita,Yu,cyuip@wiley.com,Female,96.48.67.110
675,Hunter,Ribey,hribeyiq@home.pl,Male,58.141.58.131
676,Marin,Volett,mvolettir@bandcamp.com,Female,6.39.145.130
677,Kailey,Dowyer,kdowyeris@reverbnation.com,Female,52.215.0.153
678,Tito,Springtorpe,tspringtorpeit@cnbc.com,Male,247.86.230.69
679,Broderic,Brister,bbristeriu@mysql.com,Male,49.92.194.156
680,Abraham,Rogez,arogeziv@baidu.com,Male,216.147.75.72
681,Julianna,O' Culligan,joculliganiw@elegantthemes.com,Female,27.168.118.194
682,Barron,Graddell,bgraddellix@yahoo.co.jp,Male,162.63.177.188
683,Caril,Marriott,cmarriottiy@discuz.net,Female,196.56.161.134
684,Gwendolyn,Oliveira,goliveiraiz@dot.gov,Female,222.163.227.181
685,Rowe,Bircher,rbircherj0@xrea.com,Female,95.180.66.183
686,Lynea,Wandless,lwandlessj1@cmu.edu,Female,248.180.234.95
687,Myrle,Prue,mpruej2@linkedin.com,Female,26.35.79.72
688,Worthy,Josephs,wjosephsj3@sohu.com,Male,205.242.212.14
689,Vaclav,Ghiotto,vghiottoj4@multiply.com,Male,52.31.150.134
690,Herman,Bindon,hbindonj5@linkedin.com,Male,89.220.212.231
691,Tris,Kenen,tkenenj6@ebay.co.uk,Male,113.37.144.209
692,Lucais,Greeve,lgreevej7@tinypic.com,Male,182.36.49.33
693,Celinka,Kremer,ckremerj8@usda.gov,Female,211.243.60.49
694,Lee,Bear,lbearj9@bbc.co.uk,Male,136.1.123.146
695,Shawn,Wellwood,swellwoodja@spotify.com,Male,14.213.12.32
696,Jilly,Costa,jcostajb@diigo.com,Female,122.172.229.31
697,Jilly,Elderfield,jelderfieldjc@myspace.com,Female,183.94.97.89
698,Katya,Beeston,kbeestonjd@webnode.com,Female,95.24.121.142
699,Terrill,Collumbine,tcollumbineje@reverbnation.com,Male,90.68.19.28
700,Hammad,Mullender,hmullenderjf@globo.com,Male,80.109.246.63
701,Bambi,Kelby,bkelbyjg@fotki.com,Female,145.204.185.176
702,Ralf,Vedyasov,rvedyasovjh@noaa.gov,Male,240.195.50.106
703,Tom,Duguid,tduguidji@exblog.jp,Male,100.131.54.39
704,Jacklin,Borkett,jborkettjj@soup.io,Female,148.212.83.30
705,Kellen,Corbet,kcorbetjk@soundcloud.com,Female,108.30.14.69
706,Griffin,Chadd,gchaddjl@scientificamerican.com,Male,87.131.82.60
707,Lela,Polly,lpollyjm@washington.edu,Female,95.158.54.74
708,Tynan,Prestner,tprestnerjn@icio.us,Male,19.75.77.117
709,Pail,Vaggers,pvaggersjo@skyrock.com,Male,169.117.135.16
710,Phylys,Charters,pchartersjp@msn.com,Female,175.237.3.2
711,Dee,Galway,dgalwayjq@addtoany.com,Female,250.75.62.48
712,Herschel,Gabotti,hgabottijr@baidu.com,Male,202.88.160.42
713,Rodrique,Salter,rsalterjs@google.co.uk,Male,175.28.120.145
714,Gordie,Paxman,gpaxmanjt@e-recht24.de,Male,71.169.239.144
715,Obadias,Craven,ocravenju@illinois.edu,Male,9.125.170.147
716,Ardelis,Baumler,abaumlerjv@godaddy.com,Female,55.214.103.17
717,Meier,Abbs,mabbsjw@sbwire.com,Male,235.172.227.152
718,Lacee,Danett,ldanettjx@pbs.org,Female,162.252.106.57
719,Alexei,Theze,athezejy@newyorker.com,Male,21.61.88.114
720,Quincy,Wimsett,qwimsettjz@delicious.com,Male,242.87.40.177
721,Martainn,Cicchinelli,mcicchinellik0@example.com,Male,254.109.186.20
722,Kareem,Harpham,kharphamk1@china.com.cn,Male,98.194.195.8
723,Lyssa,Tortis,ltortisk2@google.com.hk,Female,219.245.7.29
724,Gretta,Diego,gdiegok3@creativecommons.org,Female,17.98.156.131
725,Monty,Earl,mearlk4@scientificamerican.com,Male,83.159.153.8
726,Derrek,Evett,devettk5@disqus.com,Male,148.179.78.229
727,Demetrius,Oakden,doakdenk6@noaa.gov,Male,57.217.41.99
728,Drud,Rucklesse,drucklessek7@guardian.co.uk,Male,220.108.204.78
729,Oswell,Methuen,omethuenk8@vistaprint.com,Male,230.192.176.182
730,Vick,Dyster,vdysterk9@360.cn,Male,97.65.126.208
731,Aindrea,Cottom,acottomka@nature.com,Female,214.37.57.107
732,Prinz,Rocco,proccokb@people.com.cn,Male,71.31.113.37
733,Orren,Josefowicz,ojosefowiczkc@businessweek.com,Male,128.147.69.112
734,Jacquelynn,Tissiman,jtissimankd@tinyurl.com,Female,53.187.228.27
735,Shae,Ximenez,sximenezke@ox.ac.uk,Male,52.8.108.155
736,Gwenora,Snoddon,gsnoddonkf@netlog.com,Female,109.30.241.41
737,Georg,Almon,galmonkg@scientificamerican.com,Male,21.100.167.66
738,Sandro,Lamswood,slamswoodkh@icq.com,Male,15.7.42.246
739,Ailyn,Petticrew,apetticrewki@dyndns.org,Female,226.37.74.167
740,Inglebert,Clendinning,iclendinningkj@wired.com,Male,14.240.51.239
741,Phillis,Danzelman,pdanzelmankk@netlog.com,Female,30.142.122.251
742,Lefty,Pinnell,lpinnellkl@symantec.com,Male,100.160.101.164
743,Berny,Guinnane,bguinnanekm@weibo.com,Female,148.35.205.106
744,Stanislas,Panton,spantonkn@reverbnation.com,Male,67.127.148.234
745,Evita,Dashwood,edashwoodko@usda.gov,Female,22.142.41.93
746,Editha,Thicking,ethickingkp@apache.org,Female,197.192.29.239
747,Karoly,Szymanowicz,kszymanowiczkq@sina.com.cn,Female,66.229.92.72
748,Chrystel,Hanratty,chanrattykr@hugedomains.com,Female,16.96.23.63
749,Lanny,Blockey,lblockeyks@nydailynews.com,Female,183.12.209.52
750,Manda,Krol,mkrolkt@cnn.com,Female,32.160.159.214
751,Shayla,Luxford,sluxfordku@time.com,Female,75.23.224.41
752,Trista,Dimmick,tdimmickkv@mac.com,Female,201.157.209.211
753,Martita,Greenhalf,mgreenhalfkw@hibu.com,Female,44.194.66.24
754,Hailee,Gelling,hgellingkx@dropbox.com,Female,32.54.51.61
755,Aurel,Downse,adownseky@storify.com,Female,91.99.37.104
756,Brant,De Filippi,bdefilippikz@fc2.com,Male,241.35.198.241
757,Lonnie,Sollis,lsollisl0@multiply.com,Female,114.187.9.25
758,Alli,Smitherman,asmithermanl1@house.gov,Female,247.130.214.162
759,Beryle,Kadwallider,bkadwalliderl2@ox.ac.uk,Female,253.10.49.216
760,Frankie,Behne,fbehnel3@wired.com,Female,72.121.192.186
761,Willy,Thomke,wthomkel4@psu.edu,Female,70.148.78.164
762,Gene,Vasiljevic,gvasiljevicl5@dell.com,Female,192.201.202.102
763,Sal,Champain,schampainl6@dailymail.co.uk,Female,147.7.134.212
764,Collete,Clemente,cclementel7@dedecms.com,Female,9.156.147.116
765,Ilka,Whiffen,iwhiffenl8@usnews.com,Female,204.232.157.2
766,Cory,de Guise,cdeguisel9@statcounter.com,Male,201.248.1.107
767,Katee,Watman,kwatmanla@timesonline.co.uk,Female,36.37.243.197
768,Lammond,Shutt,lshuttlb@angelfire.com,Male,196.206.225.206
769,Tadd,Copp,tcopplc@marketwatch.com,Male,114.79.88.6
770,Pearline,Oxteby,poxtebyld@who.int,Female,253.198.174.98
771,Stavro,D' Angelo,sdangelole@weibo.com,Male,138.117.3.243
772,Northrop,Fernely,nfernelylf@i2i.jp,Male,67.175.153.140
773,Hollyanne,Vella,hvellalg@tiny.cc,Female,27.60.210.240
774,Gibb,Roistone,groistonelh@si.edu,Male,75.223.137.150
775,Evy,Charlesworth,echarlesworthli@tinyurl.com,Female,150.178.251.50
776,Regen,Laroze,rlarozelj@squarespace.com,Male,56.0.113.14
777,Neysa,Pasby,npasbylk@reddit.com,Female,122.191.219.40
778,Brinna,Griggs,bgriggsll@fastcompany.com,Female,44.144.94.23
779,Martina,Cordelle,mcordellelm@gizmodo.com,Female,179.47.42.87
780,Evered,Croft,ecroftln@reuters.com,Male,16.124.152.239
781,Duky,Snugg,dsnugglo@umich.edu,Male,197.251.231.101
782,Brigham,Heustace,bheustacelp@lycos.com,Male,241.9.111.159
783,Othelia,Fouch,ofouchlq@ocn.ne.jp,Female,218.199.143.231
784,Marian,Grange,mgrangelr@smugmug.com,Female,167.166.67.84
785,Linnea,Selwyne,lselwynels@mediafire.com,Female,151.251.162.8
786,Andrey,Bock,abocklt@privacy.gov.au,Male,57.253.38.31
787,Jody,Fritche,jfritchelu@mozilla.org,Female,193.83.177.168
788,Dominique,Rumke,drumkelv@bluehost.com,Male,243.178.240.126
789,Danila,Bolderstone,dbolderstonelw@mit.edu,Female,66.182.48.219
790,Carey,Risebrow,crisebrowlx@ning.com,Male,113.208.200.114
791,Marla,Yeates,myeatesly@prlog.org,Female,46.130.201.6
792,Jasmine,Tottie,jtottielz@illinois.edu,Female,68.137.135.31
793,Aron,Rowlstone,arowlstonem0@yelp.com,Male,101.59.218.148
794,Tommy,Lade,tladem1@artisteer.com,Female,245.127.178.246
795,Tobin,Towersey,ttowerseym2@europa.eu,Male,227.72.156.5
796,Nappy,Chatelot,nchatelotm3@g.co,Male,222.46.157.155
797,Zara,Scrace,zscracem4@icq.com,Female,81.11.62.149
798,Zebulen,Teasdale,zteasdalem5@marketwatch.com,Male,31.21.231.52
799,Moyna,Passe,mpassem6@last.fm,Female,55.5.147.76
800,Zacharie,Guilloux,zguillouxm7@zdnet.com,Male,138.49.120.1
801,Amelia,Menear,amenearm8@nba.com,Female,209.49.41.160
802,Lance,Hearnden,lhearndenm9@parallels.com,Male,96.33.118.162
803,Dora,Sopper,dsopperma@goodreads.com,Female,246.88.154.108
804,Brewster,Lynn,blynnmb@seattletimes.com,Male,236.141.167.71
805,Debor,Saffill,dsaffillmc@vk.com,Female,224.85.225.194
806,Raff,Gerlack,rgerlackmd@geocities.com,Male,90.176.81.135
807,Kevyn,Whitebread,kwhitebreadme@howstuffworks.com,Female,194.103.213.45
808,Cynde,Loreit,cloreitmf@nbcnews.com,Female,211.190.74.95
809,Sansone,Logesdale,slogesdalemg@china.com.cn,Male,23.153.157.220
810,Aidan,Roos,aroosmh@ucoz.com,Female,241.30.112.64
811,Rafe,Hebditch,rhebditchmi@si.edu,Male,217.168.126.255
812,Anthea,Bothie,abothiemj@ask.com,Female,77.139.154.237
813,Fidelia,McGougan,fmcgouganmk@tuttocitta.it,Female,248.31.131.145
814,Cosimo,Fordy,cfordyml@boston.com,Male,200.130.244.197
815,Keelia,Jeavon,kjeavonmm@blog.com,Female,138.249.105.159
816,Ford,Toulmin,ftoulminmn@ftc.gov,Male,82.136.246.152
817,Jerrome,Bagg,jbaggmo@e-recht24.de,Male,11.144.229.236
818,Dukie,Riddel,driddelmp@networkadvertising.org,Male,110.134.9.86
819,Zora,Goodship,zgoodshipmq@va.gov,Female,13.94.26.109
820,Cookie,Pinnington,cpinningtonmr@ox.ac.uk,Female,197.162.168.140
821,Steffie,Veitch,sveitchms@indiatimes.com,Female,15.85.211.140
822,Dedra,Lydiard,dlydiardmt@over-blog.com,Female,203.91.179.239
823,Connie,Cesconi,ccesconimu@google.pl,Female,85.233.50.253
824,Freemon,Youle,fyoulemv@dailymail.co.uk,Male,71.42.33.71
825,Eleanora,LLelweln,ellelwelnmw@multiply.com,Female,54.95.143.195
826,Prentiss,Jurasek,pjurasekmx@umn.edu,Male,180.205.79.220
827,Carey,Gooley,cgooleymy@storify.com,Male,51.23.23.109
828,Ximenes,Tarrant,xtarrantmz@ftc.gov,Male,140.159.36.115
829,Juieta,Playfoot,jplayfootn0@phoca.cz,Female,79.240.1.146
830,Ag,Yuille,ayuillen1@ted.com,Female,205.187.139.112
831,Aurel,Cumes,acumesn2@vinaora.com,Female,248.209.90.152
832,Margette,Shoebrook,mshoebrookn3@1688.com,Female,53.57.85.165
833,Alonzo,Malster,amalstern4@ehow.com,Male,26.48.68.20
834,Ladonna,Avramovsky,lavramovskyn5@usda.gov,Female,98.242.17.147
835,Prissie,MacAfee,pmacafeen6@ezinearticles.com,Female,19.114.51.57
836,Jacquenetta,Pursglove,jpursgloven7@redcross.org,Female,23.254.8.143
837,Ichabod,Falconer,ifalconern8@eepurl.com,Male,192.84.122.193
838,Conney,Phoebe,cphoeben9@cargocollective.com,Male,144.205.59.225
839,Waneta,Wetheril,wwetherilna@so-net.ne.jp,Female,11.27.150.140
840,Gerri,Piell,gpiellnb@pagesperso-orange.fr,Male,252.167.176.164
841,Shelagh,Wagge,swaggenc@jiathis.com,Female,52.134.139.3
842,Bartolemo,Cramer,bcramernd@latimes.com,Male,218.188.71.35
843,Garrot,Bessent,gbessentne@oracle.com,Male,223.255.224.86
844,Hermie,Muddiman,hmuddimannf@bloomberg.com,Male,247.61.117.118
845,Benjamen,Domke,bdomkeng@cbc.ca,Male,40.178.145.174
846,Marchelle,Smart,msmartnh@baidu.com,Female,109.32.48.195
847,Bethena,Conroy,bconroyni@addthis.com,Female,186.156.4.175
848,Bev,Pendleton,bpendletonnj@columbia.edu,Male,224.203.87.117
849,Ezra,Shemmans,eshemmansnk@skyrock.com,Male,248.187.84.241
850,Casie,Greggs,cgreggsnl@icio.us,Female,110.223.21.182
851,Genni,Wordington,gwordingtonnm@google.fr,Female,138.31.220.119
852,Ebeneser,Mainz,emainznn@nationalgeographic.com,Male,43.214.7.32
853,Mignon,Lemmers,mlemmersno@nba.com,Female,133.37.213.6
854,Piotr,Coppard,pcoppardnp@homestead.com,Male,182.218.29.206
855,Alvera,Spera,asperanq@nsw.gov.au,Female,92.53.182.41
856,Harmony,Ixer,hixernr@tinypic.com,Female,115.139.113.72
857,Sherie,Magister,smagisterns@tuttocitta.it,Female,222.175.96.196
858,Maxie,Padfield,mpadfieldnt@yale.edu,Female,89.82.86.163
859,Norbert,Johnke,njohnkenu@cbsnews.com,Male,229.247.75.118
860,Cloe,Dimitru,cdimitrunv@sciencedirect.com,Female,54.182.132.221
861,Matilda,Lammert,mlammertnw@yandex.ru,Female,35.153.177.221
862,Kyle,McGenis,kmcgenisnx@google.ca,Male,222.76.242.58
863,Sanderson,Jevon,sjevonny@businessinsider.com,Male,17.26.228.73
864,Gauthier,Davidson,gdavidsonnz@psu.edu,Male,30.14.33.190
865,Aldin,Wethered,awetheredo0@networkadvertising.org,Male,29.228.107.133
866,Vaughn,Bolsover,vbolsovero1@cnbc.com,Male,25.96.64.84
867,Bram,Sichardt,bsichardto2@howstuffworks.com,Male,158.151.36.147
868,Godart,Litchfield,glitchfieldo3@posterous.com,Male,7.183.254.166
869,Alexio,Stansby,astansbyo4@last.fm,Male,108.196.237.234
870,Smitty,Wynch,swyncho5@jimdo.com,Male,227.220.63.93
871,Wilie,Radbourn,wradbourno6@prweb.com,Female,85.34.74.210
872,Lazaro,Kinge,lkingeo7@constantcontact.com,Male,249.32.159.36
873,Juliana,Hagergham,jhagerghamo8@foxnews.com,Female,24.142.89.66
874,Nickolas,Bilby,nbilbyo9@whitehouse.gov,Male,118.40.97.192
875,Emory,Collishaw,ecollishawoa@cisco.com,Male,251.138.201.65
876,Vanny,Spinello,vspinelloob@homestead.com,Female,195.48.197.88
877,Miof mela,Melloi,mmelloioc@vimeo.com,Female,12.152.231.152
878,Cathrine,Stayt,cstaytod@fotki.com,Female,36.108.68.118
879,Trumann,Frissell,tfrisselloe@japanpost.jp,Male,12.162.120.160
880,Greg,Ambrosini,gambrosiniof@goo.gl,Male,117.75.142.161
881,Bekki,Arnaut,barnautog@naver.com,Female,27.33.58.71
882,Thaddus,Chritchley,tchritchleyoh@discuz.net,Male,119.38.139.101
883,Rickard,Valadez,rvaladezoi@thetimes.co.uk,Male,217.13.34.87
884,Hartwell,Cominotti,hcominottioj@ebay.com,Male,3.232.226.2
885,Angelo,O'Cullen,aocullenok@ow.ly,Male,249.28.158.151
886,Morena,Watsham,mwatshamol@narod.ru,Female,76.121.224.49
887,Sterling,Radenhurst,sradenhurstom@exblog.jp,Male,187.120.97.63
888,Lon,Bernette,lbernetteon@typepad.com,Male,58.193.1.28
889,Crissy,Wetherhead,cwetherheadoo@discuz.net,Female,32.200.158.143
890,Horatia,Clouter,hclouterop@free.fr,Female,146.58.81.81
891,Jenn,Ansteys,jansteysoq@google.nl,Female,71.86.249.0
892,Tomaso,Pinson,tpinsonor@jiathis.com,Male,138.189.195.109
893,Brew,Darco,bdarcoos@storify.com,Male,80.177.71.72
894,Gleda,Eusden,geusdenot@ifeng.com,Female,152.240.0.243
895,Allx,Bannister,abannisterou@feedburner.com,Female,43.153.11.61
896,Earvin,MacNelly,emacnellyov@slideshare.net,Male,116.174.87.206
897,Byram,Trebbett,btrebbettow@homestead.com,Male,229.86.242.0
898,Nadia,Denzey,ndenzeyox@netlog.com,Female,56.151.192.153
899,Etti,Beards,ebeardsoy@wikimedia.org,Female,32.10.138.11
900,Dani,DeSousa,ddesousaoz@acquirethisname.com,Male,192.187.197.194
901,Nadeen,Bichener,nbichenerp0@umn.edu,Female,90.41.213.97
902,Lucais,Sizey,lsizeyp1@nyu.edu,Male,232.99.116.32
903,Susy,Fozzard,sfozzardp2@studiopress.com,Female,132.150.137.110
904,Radcliffe,Emmert,remmertp3@sciencedaily.com,Male,130.35.33.179
905,Tisha,Goretti,tgorettip4@opera.com,Female,244.124.94.172
906,Harbert,Fouracres,hfouracresp5@devhub.com,Male,89.44.182.48
907,Feodora,Wheater,fwheaterp6@sina.com.cn,Female,186.18.89.6
908,Arthur,McGooch,amcgoochp7@europa.eu,Male,230.161.69.164
909,Vin,Skett,vskettp8@tuttocitta.it,Male,68.252.97.41
910,Den,Luetkemeyers,dluetkemeyersp9@google.com.hk,Male,134.240.245.149
911,Iona,Mathwin,imathwinpa@mit.edu,Female,52.155.141.176
912,Dannye,Dmiterko,ddmiterkopb@smh.com.au,Female,108.217.148.32
913,Tommy,Blanckley,tblanckleypc@drupal.org,Male,49.91.3.180
914,Jillane,Thackham,jthackhampd@reference.com,Female,136.47.192.25
915,Gottfried,Sharrard,gsharrardpe@elegantthemes.com,Male,140.216.21.157
916,Whitaker,Runge,wrungepf@issuu.com,Male,121.173.239.1
917,Herschel,Strodder,hstrodderpg@bigcartel.com,Male,163.15.22.118
918,Miles,Ping,mpingph@blogspot.com,Male,130.191.65.200
919,Fredrick,Curnok,fcurnokpi@paginegialle.it,Male,2.129.246.135
920,Aubrie,Tendahl,atendahlpj@dagondesign.com,Female,248.202.40.161
921,Karna,Abry,kabrypk@example.com,Female,49.253.123.250
922,Angie,Smalridge,asmalridgepl@surveymonkey.com,Male,165.42.9.108
923,Sharla,Habbert,shabbertpm@un.org,Female,134.96.225.196
924,Lora,Fonteyne,lfonteynepn@amazonaws.com,Female,119.219.198.166
925,Boycie,Rodge,brodgepo@noaa.gov,Male,141.48.165.178
926,Northrup,Rubinivitz,nrubinivitzpp@indiegogo.com,Male,136.63.174.218
927,Town,Chesnay,tchesnaypq@slashdot.org,Male,19.217.191.188
928,Rosanna,Scrimshaw,rscrimshawpr@amazon.de,Female,11.38.135.254
929,Martica,Spellar,mspellarps@hibu.com,Female,222.231.131.31
930,Michale,Stone,mstonept@skype.com,Male,62.186.226.156
931,Niki,Legan,nleganpu@loc.gov,Male,43.145.86.142
932,Prent,McKenney,pmckenneypv@nationalgeographic.com,Male,186.204.82.218
933,Zsazsa,Minto,zmintopw@jigsy.com,Female,163.114.20.225
934,Jody,Panyer,jpanyerpx@ft.com,Male,226.143.214.120
935,Anett,Scuse,ascusepy@yelp.com,Female,108.110.188.135
936,Leah,Sandom,lsandompz@opensource.org,Female,73.254.188.36
937,Byrle,Bottrell,bbottrellq0@zimbio.com,Male,140.53.9.188
938,Stearn,Tottle,stottleq1@scribd.com,Male,58.230.11.48
939,Arman,Brader,abraderq2@noaa.gov,Male,248.11.146.204
940,Drucy,Benoix,dbenoixq3@desdev.cn,Female,30.36.22.7
941,Conn,Roskams,croskamsq4@uol.com.br,Male,70.145.75.216
942,Ashil,Prangnell,aprangnellq5@digg.com,Female,241.2.255.195
943,Cristine,Yakunkin,cyakunkinq6@networksolutions.com,Female,184.251.53.192
944,Welby,Grahlman,wgrahlmanq7@wp.com,Male,137.109.202.203
945,Halley,Halbert,hhalbertq8@dagondesign.com,Female,100.216.190.183
946,Normand,Dumphreys,ndumphreysq9@odnoklassniki.ru,Male,203.31.66.154
947,Theresina,Matevosian,tmatevosianqa@bravesites.com,Female,113.251.117.47
948,Alta,Tittershill,atittershillqb@hubpages.com,Female,240.194.100.222
949,Roderick,Keatch,rkeatchqc@ocn.ne.jp,Male,91.206.150.251
950,Wesley,Deetlof,wdeetlofqd@scribd.com,Male,12.151.192.188
951,Heloise,Tomaini,htomainiqe@usa.gov,Female,102.68.177.181
952,Kerri,Grahlmans,kgrahlmansqf@japanpost.jp,Female,254.202.139.136
953,Marlena,Ellam,mellamqg@google.co.uk,Female,234.141.175.90
954,Nevil,Staining,nstainingqh@usda.gov,Male,112.28.18.104
955,Roberto,Elce,relceqi@go.com,Male,68.218.37.24
956,Vere,Rosenhaupt,vrosenhauptqj@ehow.com,Female,5.96.254.111
957,Cornelius,Lawrance,clawranceqk@pen.io,Male,230.188.99.69
958,Rutter,BoHlingolsen,rbohlingolsenql@opensource.org,Male,139.223.12.20
959,Bailey,Gionettitti,bgionettittiqm@nih.gov,Male,119.27.165.168
960,Margit,Shilburne,mshilburneqn@163.com,Female,154.60.167.191
961,Aundrea,Bestman,abestmanqo@virginia.edu,Female,172.246.239.44
962,Ruthi,Peagrim,rpeagrimqp@kickstarter.com,Female,105.25.87.206
963,Debi,Deverock,ddeverockqq@woothemes.com,Female,190.178.188.81
964,Edlin,Nobles,enoblesqr@macromedia.com,Male,168.224.126.254
965,Chiarra,Postans,cpostansqs@tinyurl.com,Female,198.188.210.119
966,Ricky,Caherny,rcahernyqt@dell.com,Female,137.7.95.161
967,Vally,Ramsdell,vramsdellqu@nba.com,Female,236.169.104.120
968,Kennie,Loosmore,kloosmoreqv@example.com,Male,253.162.4.163
969,Kort,Naul,knaulqw@mapy.cz,Male,209.172.60.150
970,Morena,Collison,mcollisonqx@taobao.com,Female,218.246.211.177
971,Shelby,Carabet,scarabetqy@slashdot.org,Female,208.55.138.92
972,Berny,Fitchell,bfitchellqz@cam.ac.uk,Male,139.162.154.64
973,Eric,Pennycook,epennycookr0@edublogs.org,Male,202.142.59.229
974,Wilie,Humbell,whumbellr1@bloglovin.com,Female,80.165.105.209
975,Ketti,Russan,krussanr2@spotify.com,Female,94.221.12.57
976,Xenia,Brundall,xbrundallr3@vkontakte.ru,Female,44.105.181.241
977,Patin,Etock,petockr4@pbs.org,Male,25.162.123.200
978,Arvin,Chinnock,achinnockr5@google.pl,Male,147.45.66.46
979,Tallie,Garlee,tgarleer6@howstuffworks.com,Female,168.126.199.77
980,Ninnette,Bohman,nbohmanr7@list-manage.com,Female,4.65.20.83
981,Em,Ethridge,eethridger8@paginegialle.it,Male,41.100.204.143
982,Erina,Couves,ecouvesr9@w3.org,Female,169.247.235.185
983,Linnea,Championnet,lchampionnetra@hatena.ne.jp,Female,133.5.136.9
984,Vance,Gasking,vgaskingrb@google.de,Male,113.57.200.173
985,Kameko,Viccars,kviccarsrc@behance.net,Female,189.224.108.223
986,Ava,Mikalski,amikalskird@tumblr.com,Female,71.171.13.208
987,Irwinn,Armistead,iarmisteadre@yellowbook.com,Male,44.45.68.228
988,Wanids,Raggatt,wraggattrf@webnode.com,Female,141.139.71.186
989,Gil,Mattei,gmatteirg@slideshare.net,Male,6.28.247.215
990,Betsey,MacKnocker,bmacknockerrh@ucsd.edu,Female,82.226.190.91
991,Viviyan,Thorwarth,vthorwarthri@adobe.com,Female,217.181.172.130
992,Elna,Norster,enorsterrj@fda.gov,Female,233.236.223.17
993,Stillman,Dodding,sdoddingrk@comsenz.com,Male,78.221.94.162
994,Joycelin,Amerighi,jamerighirl@un.org,Female,126.230.77.171
995,Staci,Jahnisch,sjahnischrm@fema.gov,Female,71.7.234.248
996,Woodrow,Lacase,wlacasern@github.com,Male,4.201.224.32
997,Cesaro,Tapley,ctapleyro@telegraph.co.uk,Male,140.58.180.244
998,Andeee,Dodswell,adodswellrp@va.gov,Female,106.254.224.190
999,Georgeta,Growy,ggrowyrq@abc.net.au,Female,167.142.147.123
1000,Bradan,Pavelin,bpavelinrr@acquirethisname.com,Male,177.176.167.227
